{"unitWeights":{"meleeWeight":8.021125793457032,"wizardWeight":0.5316177606582642,"rangedWeight":2.8554253578186037},"tileWeights":{"meleeWeight":-40.211280822753909,"wizardWeight":-6.092074394226074,"rangedWeight":-16.57418441772461},"wins":3,"losses":5}