{"unitWeights":{"meleeWeight":3.8221983909606935,"wizardWeight":-0.18360072374343873,"rangedWeight":4.053600788116455},"tileWeights":{"meleeWeight":-23.171894073486329,"wizardWeight":-36.60966873168945,"rangedWeight":8.555747985839844},"wins":1,"losses":3}