{"unitWeights":{"meleeWeight":16.82219886779785,"wizardWeight":-0.18360072374343873,"rangedWeight":10.053600311279297},"tileWeights":{"meleeWeight":0.8281059265136719,"wizardWeight":-52.60966873168945,"rangedWeight":22.555747985839845},"wins":2,"losses":4}